,item_1,item_2,item_3,item_4,item_5,item_6
item_1,0,0.01134833,-0.010193388,0.123893042,-0.077709309,0.056698946
item_2,0.01134833,0,-0.046123723,-0.047842314,0.001339542,0.052023775
item_3,-0.010193388,-0.046123723,0,0.104917137,0.098696285,-0.052919136
item_4,0.123893042,-0.047842314,0.104917137,0,-0.078604534,-0.086431153
item_5,-0.077709309,0.001339542,0.098696285,-0.078604534,0,-0.037464066
item_6,0.056698946,0.052023775,-0.052919136,-0.086431153,-0.037464066,0
